term, g(term), q_i(term)
Computer, 0.496365, 0.700444
Internet, 0.494011, 0.705197
Economic crisis, 0.485613, 0.722343
Bank, 0.496259, 0.700656
Food safety, 0.471493, 0.751851
Health education, 0.473466, 0.747674
Fruit, 0.493784, 0.705656
Food, 0.479099, 0.735848
Knowledge, 0.502274, 0.688609
Information, 0.513635, 0.666243
Artificial intelligence, 0.505680, 0.681850
Cloud computing, 0.488423, 0.716573
